{
  "accuracy": 0.5593023255813954,
  "report": {
    "animal": {
      "precision": 0.34051724137931033,
      "recall": 0.4388888888888889,
      "f1-score": 0.38349514563106796,
      "support": 180.0
    },
    "background": {
      "precision": 0.904,
      "recall": 0.6277777777777778,
      "f1-score": 0.740983606557377,
      "support": 180.0
    },
    "cool": {
      "precision": 0.825,
      "recall": 0.9428571428571428,
      "f1-score": 0.88,
      "support": 70.0
    },
    "hot": {
      "precision": 0.9166666666666666,
      "recall": 0.15714285714285714,
      "f1-score": 0.2682926829268293,
      "support": 70.0
    },
    "human": {
      "precision": 0.42207792207792205,
      "recall": 0.7222222222222222,
      "f1-score": 0.5327868852459017,
      "support": 180.0
    },
    "machinery": {
      "precision": 0.7961165048543689,
      "recall": 0.45555555555555555,
      "f1-score": 0.5795053003533569,
      "support": 180.0
    },
    "accuracy": 0.5593023255813954,
    "macro avg": {
      "precision": 0.7007297224963779,
      "recall": 0.5574074074074075,
      "f1-score": 0.5641772701190888,
      "support": 860.0
    },
    "weighted avg": {
      "precision": 0.6572148453055288,
      "recall": 0.5593023255813954,
      "f1-score": 0.5616270425658891,
      "support": 860.0
    }
  },
  "classes": [
    "animal",
    "background",
    "cool",
    "hot",
    "human",
    "machinery"
  ],
  "confusion_matrix": [
    [
      79,
      4,
      0,
      0,
      91,
      6
    ],
    [
      48,
      113,
      13,
      0,
      6,
      0
    ],
    [
      0,
      4,
      66,
      0,
      0,
      0
    ],
    [
      35,
      0,
      0,
      11,
      24,
      0
    ],
    [
      35,
      0,
      0,
      0,
      130,
      15
    ],
    [
      35,
      4,
      1,
      1,
      57,
      82
    ]
  ]
}